"idschool","name","type","K1_56","K1_57","K1_58","K1_59","K1_60","K1_61","K1_62","K2_56","K2_57","K2_58","K2_59","K2_60","K2_61","K2_62","P1_56","P1_57","P1_58","P1_59","P1_60","P1_61","P1_62","P2_56","P2_57","P2_58","P2_59","P2_60","P2_61","P2_62","P3_56","P3_57","P3_58","P3_59","P3_60","P3_61","P3_62","P4_56","P4_57","P4_58","P4_59","P4_60","P4_61","P4_62","P5_56","P5_57","P5_58","P5_59","P5_60","P5_61","P5_62","P6_56","P6_57","P6_58","P6_59","P6_60","P6_61","P6_62","M1_56","M1_57","M1_58","M1_59","M1_60","M1_61","M1_62","M2_56","M2_57","M2_58","M2_59","M2_60","M2_61","M2_62","M3_56","M3_57","M3_58","M3_59","M3_60","M3_61","M3_62","M4_56","M4_57","M4_58","M4_59","M4_60","M4_61","M4_62","M5_56","M5_57","M5_58","M5_59","M5_60","M5_61","M5_62","M6_56","M6_57","M6_58","M6_59","M6_60","M6_61","M6_62","classroom56","classroom57","classroom58","classroom59","classroom60","classroom61","classroom62"
"10010001","วัดชนะสงคราม","3","15","32","29","24","28","31","22","20","20","25","24","28","28","24","21","26","28","29","20","28","17","24","17","29","25","26","15","25","27","21","13","26","25","26","13","28","31","20","11","30","29","25","26","31","31","18","14","28","23","24","28","32","30","19","13","26","0","0","0","0","0","0","0","0","0","0","0","0","0","0","0","0","0","0","0","0","0","0","0","0","0","0","0","0","0","0","0","0","0","0","0","0","0","0","0","0","0","0","9","9","9","9","9","9","9"
"10010002","อนุบาลวัดปรินายก","3","50","43","44","44","46","51","42","59","40","41","50","46","49","49","54","60","49","58","57","54","49","76","52","64","44","56","58","52","75","68","53","62","46","55","55","115","67","70","57","62","50","52","99","105","66","71","58","57","52","118","94","106","65","71","57","59","0","0","0","0","0","0","0","0","0","0","0","0","0","0","0","0","0","0","0","0","0","0","0","0","0","0","0","0","0","0","0","0","0","0","0","0","0","0","0","0","0","0","30","31","25","25","24","24","24"
"10010003","พระตำหนักสวนกุหลาบ","3","77","81","89","105","90","61","66","72","86","90","81","100","74","58","106","97","102","92","99","101","92","87","109","95","85","83","96","101","88","83","111","88","83","77","95","90","90","86","106","83","85","78","93","93","84","83","103","80","80","89","90","89","79","81","100","80","44","46","40","35","47","40","42","39","38","47","41","35","47","39","57","37","37","46","40","34","46","0","0","0","0","0","0","0","0","0","0","0","0","0","0","0","0","0","0","0","0","0","45","38","41","48","42","40","39"
"10010004","ราชวินิต","3","0","0","0","0","0","0","0","0","0","0","0","0","0","0","444","405","363","379","377","335","344","473","449","416","369","383","380","347","461","480","448","421","373","370","371","462","448","479","437","426","375","375","463","453","441","470","437","419","370","441","461","451","435","470","436","408","87","76","45","60","45","67","56","53","85","75","79","58","45","70","67","53","87","74","77","58","44","29","50","17","40","34","32","24","25","29","49","16","38","32","33","20","25","28","49","16","37","32","79","76","75","76","77","78","78"
"10010005","ทีปังกรวิทยาพัฒน์(วัดโบสถ์)ในพระราชูปถัมภ์ฯ","3","37","34","45","38","36","37","38","55","40","48","50","46","44","39","68","66","52","48","54","43","49","62","67","64","57","45","58","47","66","58","64","58","57","44","54","74","65","61","60","58","59","46","81","74","64","59","59","57","54","73","84","74","59","60","58","56","0","0","0","0","0","0","0","0","0","0","0","0","0","0","0","0","0","0","0","0","0","0","0","0","0","0","0","0","0","0","0","0","0","0","0","0","0","0","0","0","0","0","16","16","16","16","16","16","17"
"10010006","วัดพลับพลาชัย","3","91","86","66","59","48","63","45","74","95","75","60","57","48","61","111","116","111","102","85","80","70","95","114","116","110","107","86","73","110","101","104","118","106","115","88","97","118","107","107","123","106","118","110","105","122","111","105","117","108","131","107","102","122","111","107","116","0","0","0","0","0","0","0","0","0","0","0","0","0","0","0","0","0","0","0","0","0","0","0","0","0","0","0","0","0","0","0","0","0","0","0","0","0","0","0","0","0","0","28","29","30","30","26","26","26"
"10010007","วัดโสมนัส","3","30","36","29","30","25","26","27","36","39","42","35","35","28","34","21","34","30","31","33","33","31","39","29","35","31","36","29","35","26","32","29","32","32","32","33","50","35","29","24","31","30","33","30","34","32","27","23","31","33","41","33","35","32","25","23","31","0","0","0","0","0","0","0","0","0","0","0","0","0","0","0","0","0","0","0","0","0","0","0","0","0","0","0","0","0","0","0","0","0","0","0","0","0","0","0","0","0","0","18","20","17","17","17","17","17"
"10010008","ประถมนนทรี","3","29","34","35","38","18","19","27","28","29","31","33","34","25","20","77","63","74","69","46","61","52","56","75","58","74","65","46","56","87","53","69","58","65","52","42","74","88","51","66","59","66","52","57","70","93","55","68","54","64","82","61","70","91","58","67","52","0","0","0","0","0","0","0","0","0","0","0","0","0","0","0","0","0","0","0","0","0","0","0","0","0","0","0","0","0","0","0","0","0","0","0","0","0","0","0","0","0","0","19","19","21","21","21","21","21"
"10010009","วัดด่าน","3","26","29","36","32","39","38","36","21","42","34","30","36","37","39","27","25","35","33","30","36","42","26","30","25","34","30","31","38","25","21","27","18","35","28","31","15","28","22","25","18","33","30","29","14","23","25","23","20","31","28","27","14","23","26","20","18","0","0","0","0","0","0","0","0","0","0","0","0","0","0","0","0","0","0","0","0","0","0","0","0","0","0","0","0","0","0","0","0","0","0","0","0","0","0","0","0","0","0","9","9","9","9","9","9","11"
"10010010","มหาวีรานุวัตร","3","39","44","44","31","36","27","37","39","34","45","41","36","34","27","43","39","45","38","38","37","39","39","43","35","42","36","36","33","60","44","43","32","40","35","29","45","57","49","42","34","39","34","42","46","58","48","37","34","39","50","40","43","62","48","36","35","0","0","0","0","0","0","0","0","0","0","0","0","0","0","0","0","0","0","0","0","0","0","0","0","0","0","0","0","0","0","0","0","0","0","0","0","0","0","0","0","0","0","16","17","17","17","13","13","10"
"10010011","วัดชัยชนะสงคราม","3","32","21","14","29","15","22","22","37","29","15","15","27","16","26","41","30","30","18","18","28","21","28","39","27","27","21","21","20","41","26","40","29","28","24","17","40","40","23","36","25","29","22","35","36","40","23","33","25","22","38","36","34","38","22","35","24","0","0","0","0","0","0","0","0","0","0","0","0","0","0","0","0","0","0","0","0","0","0","0","0","0","0","0","0","0","0","0","0","0","0","0","0","0","0","0","0","0","0","11","9","9","9","9","9","9"
"10010012","อนุบาลสามเสนฯ","3","120","117","120","129","121","90","83","122","123","116","122","132","117","86","156","163","161","159","147","145","139","160","159","167","161","156","149","145","145","157","160","168","164","153","144","157","144","156","157","164","162","145","150","158","144","151","157","157","161","146","151","157","143","150","153","156","0","0","0","0","0","0","0","0","0","0","0","0","0","0","0","0","0","0","0","0","0","0","0","0","0","0","0","0","0","0","0","0","0","0","0","0","0","0","0","0","0","0","33","33","33","33","33","33","33"
"10010013","ทุ่งมหาเมฆ","3","56","60","57","51","52","53","49","61","57","59","55","54","56","55","131","109","108","105","111","106","91","153","135","106","104","102","107","99","135","153","124","105","97","101","99","143","138","148","124","99","94","109","148","148","129","142","122","96","92","127","141","144","124","137","118","95","0","0","0","0","0","0","0","0","0","0","0","0","0","0","0","0","0","0","0","0","0","0","0","0","0","0","0","0","0","0","0","0","0","0","0","0","0","0","0","0","0","0","29","29","34","35","31","29","27"
"10010014","วัดเวตวันธรรมาวาส","3","87","70","50","58","52","39","52","86","82","71","54","50","51","48","93","87","93","76","56","56","58","80","86","89","76","63","60","59","72","78","87","84","70","63","57","111","65","76","93","75","72","67","114","110","66","74","85","78","72","133","112","108","69","76","84","82","0","0","0","0","0","0","0","0","0","0","0","0","0","0","0","0","0","0","0","0","0","0","0","0","0","0","0","0","0","0","0","0","0","0","0","0","0","0","0","0","0","0","28","23","22","24","22","22","20"
"10010015","สายน้ำทิพย์","3","58","56","70","45","53","52","42","91","72","77","74","58","67","58","185","189","179","164","124","128","123","192","176","183","174","152","129","130","182","195","179","177","166","148","131","183","177","195","179","173","158","146","140","185","177","195","170","172","151","129","137","190","181","186","166","170","0","0","0","0","0","0","0","0","0","0","0","0","0","0","0","0","0","0","0","0","0","0","0","0","0","0","0","0","0","0","0","0","0","0","0","0","0","0","0","0","0","0","34","35","38","38","40","41","42"
"10010016","ดาราคาม","3","14","22","23","26","22","17","17","13","16","27","19","17","23","20","69","79","69","66","40","44","46","86","71","73","71","60","44","47","86","80","67","68","65","60","38","79","93","71","66","66","65","61","77","81","88","71","59","63","63","79","73","80","86","73","60","61","0","0","0","0","0","0","0","0","0","0","0","0","0","0","0","0","0","0","0","0","0","0","0","0","0","0","0","0","0","0","0","0","0","0","0","0","0","0","0","0","0","0","22","23","23","23","23","21","21"
"10010017","พญาไท","3","116","113","107","137","142","134","134","110","113","118","111","144","139","138","188","212","206","212","203","238","245","216","169","208","210","212","204","233","231","205","168","215","212","215","201","214","224","208","169","220","212","206","233","205","229","211","174","214","213","248","234","203","229","209","173","213","0","0","0","0","0","0","0","0","0","0","0","0","0","0","0","0","0","0","0","0","0","0","0","0","0","0","0","0","0","0","0","0","0","0","0","0","0","0","0","0","0","0","71","71","62","63","64","63","63"
"10010018","อนุบาลพิบูลเวศม์","3","111","110","121","110","134","108","118","108","122","108","129","114","139","113","183","173","190","156","172","191","165","160","177","169","191","160","174","184","161","158","173","165","195","163","166","189","169","165","185","168","190","158","186","188","164","167","182","170","184","181","184","185","163","167","181","165","0","0","0","0","0","0","0","0","0","0","0","0","0","0","0","0","0","0","0","0","0","0","0","0","0","0","0","0","0","0","0","0","0","0","0","0","0","0","0","0","0","0","49","49","49","49","49","49","48"
"10012001","สตรีวิทยา","1","0","0","0","0","0","0","0","0","0","0","0","0","0","0","0","0","0","0","0","0","0","0","0","0","0","0","0","0","0","0","0","0","0","0","0","0","0","0","0","0","0","0","0","0","0","0","0","0","0","0","0","0","0","0","0","0","518","513","517","508","507","454","567","573","535","515","521","508","504","460","521","575","539","513","523","509","499","544","449","489","515","477","460","478","598","547","448","486","509","471","452","600","598","548","445","482","499","461","78","78","78","78","78","78","80"
"10012002","มัธยมวัดเบญจมบพิตร","1","0","0","0","0","0","0","0","0","0","0","0","0","0","0","0","0","0","0","0","0","0","0","0","0","0","0","0","0","0","0","0","0","0","0","0","0","0","0","0","0","0","0","0","0","0","0","0","0","0","0","0","0","0","0","0","0","127","84","99","117","107","91","92","149","127","83","106","107","98","90","148","170","129","81","100","100","76","156","94","103","103","72","62","81","196","151","92","96","103","71","68","187","162","159","62","91","90","51","29","29","26","19","21","21","22"
"10012003","สตรีวัดมหาพฤฒาราม ในพระบรมราชินูปถัมภ์","2","0","0","0","0","0","0","0","0","0","0","0","0","0","0","0","0","0","0","0","0","0","0","0","0","0","0","0","0","0","0","0","0","0","0","0","0","0","0","0","0","0","0","0","0","0","0","0","0","0","0","0","0","0","0","0","0","339","332","339","333","327","303","324","331","328","331","340","327","322","302","326","322","326","325","335","326","322","381","362","381","391","366","369","365","353","368","353","372","379","359","366","358","378","358","344","370","381","358","54","54","54","54","54","54","56"
"10012004","สวนกุหลาบวิทยาลัย","1","0","0","0","0","0","0","0","0","0","0","0","0","0","0","0","0","0","0","0","0","0","4","0","0","0","0","0","0","0","0","0","0","0","0","0","0","0","0","0","0","0","0","0","0","0","0","0","0","0","0","0","0","0","0","0","0","531","541","504","500","503","442","472","587","602","594","558","563","563","472","607","591","606","596","559","560","560","613","632","595","612","595","536","529","592","612","584","601","621","584","526","617","588","612","576","584","603","562","78","78","78","78","78","79","80"
"10012005","วัดราชาธิวาส","1","0","0","0","0","0","0","0","0","0","0","0","0","0","0","0","0","0","0","0","0","0","1","0","0","0","0","0","0","0","0","0","0","0","0","0","3","0","0","0","0","0","0","0","0","0","0","0","0","0","0","0","0","0","0","0","0","227","242","274","258","246","175","120","175","214","228","264","259","231","146","226","211","266","272","275","234","190","194","181","155","165","146","172","104","226","192","164","129","130","131","107","218","212","194","170","129","139","122","42","42","42","42","42","42","42"
"10012006","พุทธจักรวิทยา","2","0","0","0","0","0","0","0","0","0","0","0","0","0","0","0","0","0","0","0","0","0","0","0","0","0","0","0","0","0","0","0","0","0","0","0","0","0","0","0","0","0","0","0","0","0","0","0","0","0","0","0","0","0","0","0","0","90","104","90","63","47","53","58","94","96","94","85","63","45","52","99","102","99","99","84","55","50","65","56","65","50","39","35","15","54","77","54","56","42","31","26","69","108","69","43","51","42","26","22","22","22","14","14","13","12"
"10012008","โยธินบูรณะ","1","0","0","0","0","0","0","0","0","0","0","0","0","0","0","0","0","0","0","0","0","0","0","0","0","0","0","0","0","0","0","0","0","0","0","0","0","0","0","0","0","0","0","0","0","0","0","0","0","0","0","0","0","0","0","0","0","556","533","541","525","510","521","523","567","566","534","548","512","506","533","562","573","547","552","543","510","515","663","620","639","616","575","603","600","637","646","571","620","577","550","598","627","609","624","560","583","571","541","89","89","90","90","92","96","99"
"10012009","วัดบวรนิเวศ","1","0","0","0","0","0","0","0","0","0","0","0","0","0","0","0","0","0","0","0","0","0","0","0","0","0","0","0","0","0","0","0","0","0","0","0","0","0","0","0","0","0","0","0","0","0","0","0","0","0","0","0","0","0","0","0","0","104","59","53","53","59","51","47","111","97","56","48","48","69","47","133","105","103","61","54","51","51","113","111","67","79","40","46","38","114","101","97","58","48","38","30","164","115","102","91","55","52","32","30","29","21","22","20","20","13"
"10012010","วัดราชบพิธ","1","0","0","0","0","0","0","0","0","0","0","0","0","0","0","0","0","0","0","0","0","0","0","0","0","0","0","0","0","0","0","0","0","0","0","0","0","0","0","0","0","0","0","0","0","0","0","0","0","0","0","0","0","0","0","0","0","420","340","347","335","365","406","395","343","396","326","330","305","345","383","336","366","397","335","355","315","326","287","256","300","277","247","230","234","320","280","247","241","268","244","221","330","328","279","245","267","261","230","54","54","78","54","54","56","58"
"10012011","วัดน้อยนพคุณ","1","0","0","0","0","0","0","0","0","0","0","0","0","0","0","0","0","0","0","0","0","0","0","0","0","0","0","0","0","0","0","0","0","0","0","0","0","0","0","0","0","0","0","1","0","0","0","0","0","0","0","0","0","0","0","0","0","162","146","129","145","128","110","88","236","149","142","146","167","157","102","198","227","132","163","170","226","125","94","71","97","79","55","54","84","102","92","62","98","78","54","45","100","101","81","58","103","100","51","846","34","25","25","27","27","24"
"10012012","เบญจมราชาลัยในพระบรมราชูปถัมภ์","1","0","0","0","0","0","0","0","0","0","0","0","0","0","0","0","0","0","0","0","0","0","0","0","0","0","0","0","0","0","0","0","0","0","0","0","0","0","0","0","0","0","0","0","0","0","0","0","0","0","0","0","0","0","0","0","0","398","369","345","329","317","319","337","379","392","358","343","324","312","309","377","378","385","355","339","319","306","335","346","336","359","338","299","311","370","325","339","333","359","329","295","345","370","323","335","328","359","323","48","48","48","48","48","48","49"
"10012013","ราชวินิต มัธยม","1","0","0","0","0","0","0","0","0","0","0","0","0","0","0","0","0","0","0","0","0","0","0","0","0","0","0","0","0","0","0","0","0","0","0","0","0","0","0","0","0","0","0","0","0","0","0","0","0","0","0","0","0","0","0","0","0","399","362","401","435","398","416","420","436","386","346","379","423","390","406","429","437","375","338","369","409","391","312","265","318","299","290","301","338","372","302","261","303","284","286","290","326","364","298","260","298","279","282","54","54","53","53","53","56","56"
"10012014","มัธยมวัดมกุฏกษัตริย์","1","0","0","0","0","0","0","0","0","0","0","0","0","0","0","0","0","0","0","0","0","0","0","0","0","0","0","0","0","0","0","0","0","0","0","0","0","0","0","0","0","0","0","0","0","0","0","0","0","0","0","0","0","0","0","0","0","278","207","202","167","178","153","115","324","276","223","210","178","187","149","276","312","277","191","195","145","173","281","277","191","210","123","93","115","306","266","177","155","190","109","90","304","303","230","157","152","155","103","48","48","48","48","48","48","36"
"10012015","วัดสังเวช","1","0","0","0","0","0","0","0","0","0","0","0","0","0","0","0","0","0","0","0","0","0","0","0","0","0","0","0","0","0","0","0","0","0","0","0","0","0","0","0","0","0","0","0","0","0","0","0","0","0","0","0","0","0","0","0","0","77","55","43","42","46","31","31","74","61","58","39","41","44","29","61","51","57","60","37","38","41","54","27","36","29","26","18","25","84","46","29","36","26","24","22","71","72","44","25","34","26","22","15","15","15","15","15","9","10"
"10012016","เศรษฐเสถียร","4","0","0","12","9","5","0","0","0","0","7","5","0","0","0","0","0","8","8","10","0","0","0","0","8","9","8","0","0","0","0","6","8","10","0","0","0","0","6","6","10","0","0","0","0","16","6","5","0","0","0","0","11","18","7","0","0","0","0","10","17","23","0","0","0","0","12","9","18","0","0","0","0","14","12","11","0","0","0","0","18","16","15","0","0","0","0","12","18","19","0","0","0","0","22","12","18","0","0","0","0","21","21","20","21","21"
"10012017","เตรียมอุดมศึกษา","1","0","0","0","0","0","0","0","0","0","0","0","0","0","0","0","0","0","0","0","0","0","0","0","0","0","0","0","0","0","0","0","0","0","0","0","0","0","0","0","0","0","0","0","0","0","0","0","0","0","0","0","0","0","0","0","0","0","0","0","0","0","0","0","0","0","0","0","0","0","0","0","0","0","0","0","0","0","1451","1471","1427","1517","1438","1459","1515","1484","1432","1445","1421","1496","1485","1453","1309","1470","1413","1405","1411","1436","1430","105","105","105","105","105","105","106"
"10012018","วัดสระเกศ","1","0","0","0","0","0","0","0","0","0","0","0","0","0","0","0","0","0","0","0","0","0","0","0","0","0","0","0","0","0","0","0","0","0","0","0","0","0","0","0","0","0","0","0","0","0","0","0","0","0","0","0","0","0","0","0","0","46","64","77","65","43","51","57","47","39","72","60","65","39","55","64","58","38","72","58","58","43","56","38","51","23","43","29","35","40","49","47","32","22","40","37","51","46","54","43","28","23","48","15","14","15","14","13","13","15"
"10012019","เทพศิรินทร์","1","0","0","0","0","0","0","0","0","0","0","0","0","0","0","0","0","0","0","0","0","0","0","0","0","0","0","0","0","0","0","0","0","0","0","0","0","0","0","0","0","0","0","0","0","0","0","0","0","0","0","0","0","0","0","0","0","474","500","442","422","420","430","478","482","497","520","492","500","518","456","462","502","497","526","501","513","527","565","522","552","552","550","531","517","559","561","531","544","569","574","539","481","576","585","527","544","572","573","66","66","66","66","66","66","68"
"10012020","สายปัญญา ในพระบรมราชินูปถัมภ์","1","0","0","0","0","0","0","0","0","0","0","0","0","0","0","0","0","0","0","0","0","0","0","0","0","0","0","0","0","0","0","0","0","0","0","0","0","0","0","0","0","0","0","0","0","0","0","0","0","0","0","0","0","0","0","0","0","240","246","198","225","201","222","152","353","283","236","203","217","200","209","322","337","267","245","184","214","195","506","351","337","320","295","218","247","485","490","339","345","303","288","212","475","472","483","339","333","296","285","54","53","51","49","48","48","48"
"10012021","พระโขนงพิทยาลัย","2","0","0","0","0","0","0","0","0","0","0","0","0","0","0","0","0","0","0","0","0","0","0","0","0","0","0","0","0","0","0","0","0","0","0","0","0","0","0","0","0","0","0","0","0","0","0","0","0","0","0","0","0","0","0","0","0","376","345","376","364","356","340","313","323","384","323","371","348","338","340","343","420","343","324","358","334","337","264","288","264","281","261","285","311","268","385","268","252","261","228","279","357","414","357","268","236","256","229","59","62","59","57","56","59","57"
"10012022","วชิรธรรมสาธิต","2","0","0","0","0","0","0","0","0","0","0","0","0","0","0","0","0","0","0","0","0","0","0","0","0","0","0","0","0","0","0","0","0","0","0","0","0","0","0","0","0","0","0","0","0","0","0","0","0","0","0","1","0","0","0","0","0","523","277","523","536","535","482","613","515","513","515","507","526","531","482","536","488","536","492","488","529","524","362","418","362","333","337","384","467","359","391","359","335","319","330","373","404","381","404","351","330","322","326","60","60","60","59","59","61","68"
"10012023","นนทรีวิทยา","2","0","0","0","0","0","0","0","0","0","0","0","0","0","0","0","0","0","0","0","0","0","0","0","0","0","0","0","0","0","0","0","0","0","0","0","0","0","0","0","0","0","0","0","0","0","0","0","0","0","0","0","0","0","0","0","0","433","485","433","401","365","343","346","442","495","442","390","415","385","314","395","420","395","348","336","386","296","271","279","271","218","237","259","259","266","293","266","247","212","218","231","265","309","265","247","232","211","202","60","60","60","57","63","63","63"
"10012024","เจ้าพระยาวิทยาคม","2","0","0","0","0","0","0","0","0","0","0","0","0","0","0","0","0","0","0","0","0","0","0","0","0","0","0","0","0","0","0","0","0","0","0","0","0","0","0","0","0","0","0","0","0","0","0","0","0","0","0","0","0","0","0","0","0","96","112","96","56","58","58","63","115","135","115","94","61","65","68","104","212","104","110","118","64","69","46","109","46","66","46","53","38","111","113","111","46","59","53","55","113","114","113","61","51","53","48","22","23","22","14","13","12","12"
"10012025","ไตรมิตรวิทยาลัย","1","0","0","0","0","0","0","0","0","0","0","0","0","0","0","0","0","0","0","0","0","0","0","0","0","0","0","0","0","0","0","0","0","0","0","0","0","0","0","0","0","0","0","0","0","0","0","0","0","0","0","0","0","0","0","0","0","258","217","250","207","198","207","186","230","246","212","234","203","197","209","256","229","270","201","297","312","187","167","158","149","161","90","138","133","215","152","151","141","157","87","123","230","212","173","147","171","200","81","37","37","37","37","37","37","37"
"10012026","สามเสนวิทยาลัย","1","0","0","0","0","0","0","0","0","0","0","0","0","0","0","0","0","0","0","0","0","0","0","0","0","0","0","0","0","0","0","0","0","0","0","0","0","0","0","0","0","0","0","0","0","0","0","0","0","0","0","0","0","0","0","0","0","493","492","491","490","488","433","461","498","490","496","496","516","490","434","437","498","491","497","499","515","493","530","513","500","540","526","509","634","513","525","507","520","541","512","495","594","505","516","484","486","519","498","79","79","81","81","81","81","83"
"10012027","สุรศักดิ์มนตรี","2","0","0","0","0","0","0","0","0","0","0","0","0","0","0","0","0","0","0","0","0","0","0","0","0","0","0","0","0","0","0","0","0","0","0","0","0","0","0","0","0","0","0","0","0","0","0","0","0","0","0","0","0","0","0","0","0","523","503","523","531","570","467","521","519","533","519","522","526","571","476","520","514","520","477","484","475","539","447","471","447","442","398","422","501","466","546","466","435","433","375","403","546","542","546","449","432","430","371","75","78","75","72","72","74","75"
"10012028","กุนนทีรุทธารามวิทยาคม","2","0","0","0","0","0","0","0","0","0","0","0","0","0","0","0","0","0","0","0","0","0","0","0","0","0","0","0","0","0","0","0","0","0","0","0","0","0","0","0","0","0","0","0","0","0","0","0","0","0","0","0","0","0","0","0","0","248","211","248","150","132","132","107","178","268","178","222","148","131","134","185","222","185","155","201","141","108","211","279","211","171","148","152","150","188","295","188","153","152","129","147","245","370","245","169","148","151","115","44","45","44","44","41","32","25"
"10012029","พิบูลประชาสรรค์","4","0","0","95","107","73","0","0","1","0","86","74","0","0","0","50","0","98","94","91","0","0","67","0","105","94","95","0","0","73","0","109","107","92","0","0","62","0","105","109","106","0","0","75","0","96","113","117","0","0","70","0","96","102","109","0","0","0","0","171","165","153","0","0","60","0","143","151","136","0","0","124","0","182","132","123","0","0","51","0","78","75","47","0","0","51","0","95","67","63","0","0","38","0","87","85","60","0","0","65","57","69","69","65","64","64"
"10012030","วัดสุทธิวราราม","2","0","0","0","0","0","0","0","0","0","0","0","0","0","0","0","0","0","0","0","0","0","0","0","0","0","0","0","0","0","0","0","0","0","0","0","0","0","0","0","0","0","0","0","0","0","0","0","0","0","0","0","0","0","0","0","0","579","548","579","568","570","467","512","541","572","541","555","540","548","467","546","543","546","521","526","515","523","515","531","515","513","490","457","501","506","541","506","500","506","466","447","529","500","529","480","462","485","449","72","72","72","72","72","72","72"
"10012031","ยานนาเวศวิทยาคม","2","0","0","0","0","0","0","0","0","0","0","0","0","0","0","0","0","0","0","0","0","0","0","0","0","0","0","0","0","0","0","0","0","0","0","0","0","0","0","0","0","0","0","0","0","0","0","0","0","0","0","0","0","0","0","0","0","312","294","312","325","313","302","323","286","340","286","299","305","306","296","346","292","346","277","291","341","291","252","180","252","190","189","187","186","179","252","179","244","184","184","171","252","282","252","168","245","215","168","54","53","54","45","42","43","41"
"10012032","สตรีศรีสุริโยทัย","2","0","0","0","0","0","0","0","0","0","0","0","0","0","0","0","0","0","0","0","0","0","0","0","0","0","0","0","0","0","0","0","0","0","0","0","0","0","0","0","0","0","0","0","0","0","0","0","0","0","0","0","0","0","0","0","0","341","391","341","320","338","368","321","380","374","380","335","318","326","366","370","396","370","367","332","313","320","292","342","292","280","276","278","261","342","340","342","288","276","274","275","337","292","337","335","283","277","274","51","51","51","51","51","52","52"
"10012033","โสตศึกษาทุ่งมหาเมฆ","4","0","0","5","7","5","0","0","0","0","9","5","3","0","0","0","0","11","11","5","0","0","0","0","5","8","8","0","0","0","0","12","6","9","0","0","0","0","18","12","6","0","0","0","0","9","18","14","0","0","0","0","12","6","16","0","0","0","0","26","24","10","0","0","0","0","16","17","18","0","0","0","0","11","10","16","0","0","0","0","18","11","15","0","0","0","0","17","17","10","0","0","0","0","16","15","18","0","0","0","0","27","27","31","27","27"
"10012034","ศีลาจารพิพัฒน์","1","0","0","0","0","0","0","0","0","0","0","0","0","0","0","0","0","0","0","0","0","0","0","0","0","0","0","0","0","0","0","0","0","0","0","0","0","0","0","0","0","0","0","0","0","0","0","0","0","0","0","0","0","0","0","0","0","217","151","142","135","94","150","89","249","216","142","135","135","103","128","298","377","405","208","175","147","75","105","73","81","67","58","79","50","132","110","68","78","66","58","50","140","162","136","64","87","71","51","36","36","38","38","38","29","27"
"10012035","โยธินบูรณะ ๒ (สุวรรณสุทธาราม)","1","0","0","0","0","0","0","0","0","0","0","0","0","0","0","0","0","0","0","0","0","0","0","0","0","0","0","0","0","0","0","0","0","0","0","0","0","0","0","0","0","0","0","0","0","0","0","0","0","0","0","0","0","0","0","0","0","165","167","115","135","86","84","80","186","158","153","121","129","82","81","154","237","211","230","171","208","105","74","71","74","58","61","41","53","83","65","63","67","52","57","37","100","91","77","121","91","66","60","26","27","28","26","24","23","22"
"10012036","ราชนันทาจารย์สามเสนวิทยาลัย 2","1","0","0","0","0","0","0","0","0","0","0","0","0","0","0","0","0","0","0","0","0","0","0","0","0","0","0","0","0","1","0","0","0","0","0","0","0","0","0","0","0","0","0","0","0","0","0","0","0","0","0","0","0","0","0","0","0","327","346","359","369","316","328","314","329","317","352","362","361","310","317","364","306","322","356","427","347","302","230","205","216","192","182","241","224","221","246","196","208","188","178","185","265","205","243","195","206","204","168","0","45","47","47","47","44","45"
"10012037","ปทุมคงคา","2","0","0","0","0","0","0","0","0","0","0","0","0","0","0","0","0","0","0","0","0","0","0","0","0","0","0","0","0","0","0","0","0","0","0","0","0","0","0","0","0","0","0","0","0","0","0","0","0","0","0","0","0","0","0","0","0","356","296","356","416","262","285","262","298","303","298","340","445","268","290","278","266","278","252","295","417","276","315","297","315","412","294","364","270","274","296","274","309","376","247","225","310","279","310","279","313","275","202","46","48","46","48","48","57","58"
"10012038","สายน้ำผึ้ง ในพระอุปถัมภ์ ฯ","2","0","0","0","0","0","0","0","0","0","0","0","0","0","0","0","0","0","0","0","0","0","0","0","0","0","0","0","0","0","0","0","0","0","0","0","0","0","0","0","0","0","0","0","0","0","0","0","0","0","0","0","0","0","0","0","0","487","508","487","472","456","437","429","504","507","504","480","462","458","438","497","460","497","543","462","509","461","446","435","446","437","415","400","417","426","500","426","443","425","407","398","487","506","487","425","428","458","404","72","72","72","72","72","72","72"
"10012039","ศรีอยุธยา ในพระอุปถัมภ์ฯ","1","0","0","0","0","0","0","0","0","0","0","0","0","0","0","0","0","0","0","0","0","0","0","0","0","0","0","0","0","0","0","0","0","0","0","0","0","0","0","0","0","0","0","0","0","0","0","0","0","0","0","0","0","0","0","0","0","575","570","572","568","580","493","524","583","571","566","573","566","576","487","532","574","576","561","560","559","562","548","484","504","498","470","493","496","463","547","472","491","493","466","483","456","465","542","465","486","487","453","68","70","71","71","72","72","72"
"10012040","สันติราษฎร์วิทยาลัย","1","0","0","0","0","0","0","0","0","0","0","0","0","0","0","0","0","0","0","0","0","0","0","0","0","0","0","0","0","0","0","0","0","0","0","0","0","0","0","0","0","0","0","0","0","0","0","0","0","0","0","0","0","0","0","0","0","418","323","418","325","342","370","376","355","425","316","415","327","343","361","323","354","448","339","405","337","313","307","270","250","489","363","314","227","379","313","257","256","387","335","298","353","382","341","254","253","364","253","56","55","54","56","58","60","60"
"10012041","มักกะสันพิทยา","1","0","0","0","0","0","0","0","0","0","0","0","0","0","0","0","0","0","0","0","0","0","0","0","0","0","0","0","0","0","0","0","0","0","0","0","0","0","0","0","0","0","0","0","0","0","0","0","0","0","0","0","0","0","0","0","0","90","73","65","75","55","56","57","78","84","75","74","74","62","56","96","96","110","117","122","100","57","53","87","97","53","64","53","55","85","55","85","92","48","56","40","102","110","79","102","126","71","35","18","24","23","20","20","20","20"
"10012042","มัธยมวัดธาตุทอง","2","0","0","0","0","0","0","0","0","0","0","0","0","0","0","0","0","0","0","0","0","0","0","0","0","0","0","0","0","0","0","0","0","0","0","0","0","0","0","0","0","0","0","0","0","0","0","0","0","0","0","0","0","0","0","0","0","316","261","316","256","265","307","279","260","326","260","321","251","264","312","384","367","384","227","302","325","260","248","192","248","262","221","187","181","192","230","192","219","173","195","181","265","237","265","193","204","227","149","45","45","45","42","42","42","43"
"10012043","สิริรัตนาธร","2","0","0","0","0","0","0","0","0","0","0","0","0","0","0","0","0","0","0","0","0","0","0","0","0","0","0","0","0","0","0","0","0","0","0","0","0","0","0","0","0","0","0","0","0","0","0","0","0","0","0","0","0","0","0","0","0","515","524","515","597","562","466","598","517","536","517","509","584","559","476","531","554","531","502","503","575","563","361","365","361","360","388","374","396","357","415","357","360","367","382","356","432","421","432","345","359","366","372","66","65","66","66","66","67","70"
"10020001","วัดอุทัยธาราม","3","29","31","26","31","30","28","28","32","30","34","25","31","30","29","37","38","28","34","25","36","35","33","37","32","25","28","29","33","31","32","32","31","26","29","23","45","28","27","28","27","28","29","41","41","29","26","29","28","28","32","39","37","28","24","29","25","0","0","0","0","0","0","0","0","0","0","0","0","0","0","0","0","0","0","0","0","0","0","0","0","0","0","0","0","0","0","0","0","0","0","0","0","0","0","0","0","0","0","18","13","10","9","9","9","10"
"10020003","พิบูลอุปถัมภ์","3","49","53","52","56","66","52","63","59","53","62","54","65","66","56","97","77","91","98","95","95","87","117","98","81","95","100","99","95","113","119","100","80","91","101","101","131","118","129","101","82","98","97","125","138","120","127","111","87","99","128","135","143","118","123","103","94","287","270","346","295","311","274","226","216","277","271","315","316","277","238","188","185","245","242","250","246","249","88","64","79","81","52","73","105","59","85","59","64","77","49","67","54","57","86","50","62","70","44","52","52","52","52","52","52","49"
"10020004","บางบัว (เพ่งตั้งตรงจิตรวิทยาคาร)","3","36","42","51","46","51","46","53","57","29","34","54","55","56","53","107","103","86","79","113","139","129","103","107","90","81","80","114","138","110","97","102","90","80","87","112","120","104","103","102","92","90","101","149","120","104","100","109","100","91","144","137","112","101","96","114","105","84","82","98","67","54","68","76","103","67","63","90","66","53","67","100","84","56","55","80","64","51","0","0","0","0","0","0","0","0","0","0","0","0","0","0","0","0","0","0","0","0","0","38","37","34","34","36","37","40"
"10020005","บ้านหนองบอน (นัยนานนท์อนุสรณ์)","3","43","52","45","55","42","40","52","50","49","55","53","54","50","51","91","94","94","79","80","97","86","88","95","85","93","75","84","94","94","92","87","88","91","77","81","123","94","89","86","87","91","78","114","113","96","91","86","89","90","104","113","114","89","88","88","91","0","0","0","0","0","0","0","0","0","0","0","0","0","0","0","0","0","0","0","0","0","0","0","0","0","0","0","0","0","0","0","0","0","0","0","0","0","0","0","0","0","0","23","23","23","23","23","23","23"
"10020006","วัดมหาบุศย์ (พิทักษ์ถาวรคุณ)","3","42","61","53","66","71","42","62","48","42","57","55","66","70","42","61","58","57","72","63","69","82","62","57","51","55","66","60","68","52","62","58","55","56","61","58","62","50","57","59","55","55","60","49","66","47","62","59","47","50","60","46","66","52","61","56","51","0","0","0","0","0","0","0","0","0","0","0","0","0","0","0","0","0","0","0","0","0","0","0","0","0","0","0","0","0","0","0","0","0","0","0","0","0","0","0","0","0","0","18","18","18","18","19","19","19"
"10020007","ไทยรัฐวิทยา ๗๕ เฉลิมพระเกียรติ","3","36","51","40","54","60","53","41","39","38","51","40","62","66","65","54","66","57","59","73","75","92","49","58","68","54","64","62","84","67","55","64","57","59","67","65","67","66","61","72","66","61","73","64","75","71","72","76","65","75","70","67","77","76","74","76","70","64","70","90","102","69","95","60","85","69","71","82","89","72","111","94","105","67","77","78","115","67","0","0","0","0","0","0","0","0","0","0","0","0","0","0","0","0","0","0","0","0","0","22","23","28","28","29","31","31"
"10020008","พระยาประเสริฐสุนทราศรัย (กระจ่าง สิงหเสนี)","3","76","87","91","100","91","90","114","85","80","92","92","99","90","90","227","208","207","211","227","220","219","215","226","214","201","213","224","220","223","212","221","216","210","220","226","219","212","212","213","222","209","225","216","207","211","210","212","217","207","227","211","200","206","208","214","215","0","0","0","0","0","0","0","0","0","0","0","0","0","0","0","0","0","0","0","0","0","0","0","0","0","0","0","0","0","0","0","0","0","0","0","0","0","0","0","0","0","0","42","42","42","42","43","45","46"
"10022001","รัตนโกสินทร์สมโภชบางเขน","2","0","0","0","0","0","0","0","0","0","0","0","0","0","0","0","0","0","0","0","0","0","0","0","0","0","0","0","0","0","0","0","0","0","0","0","0","0","0","0","0","0","0","0","0","0","0","0","0","0","0","0","0","0","0","0","0","470","444","470","513","513","499","486","398","439","398","456","479","487","488","412","409","412","377","423","442","453","268","279","268","280","285","291","345","251","288","251","252","267","267","276","272","271","272","228","245","256","255","54","54","54","54","54","56","58"
"10022002","บางกะปิ","2","0","0","0","0","0","0","0","0","0","0","0","0","0","0","0","0","0","0","0","0","0","0","0","0","0","0","0","0","0","0","0","0","0","0","0","0","0","0","0","0","0","0","0","0","0","0","0","0","0","0","0","0","0","0","0","0","613","577","613","610","590","547","634","558","553","558","608","596","577","534","537","567","537","556","578","593","560","503","487","503","378","407","467","472","463","497","463","489","337","401","382","480","531","480","457","465","336","357","72","72","72","75","72","72","75"
"10022003","สตรีเศรษฐบุตรบำเพ็ญ","2","0","0","0","0","0","0","0","0","0","0","0","0","0","0","0","0","0","0","0","0","0","0","0","0","0","0","0","0","0","0","0","0","0","0","0","0","0","0","0","0","0","0","0","0","0","0","0","0","0","0","0","0","0","0","0","0","434","381","434","514","511","413","469","444","418","444","429","499","487","403","411","372","411","435","479","481","480","304","351","304","294","293","295","311","351","359","351","305","294","288","282","360","396","360","348","310","289","286","52","52","52","52","56","54","55"
"10022004","มัธยมวัดหนองจอก","2","0","0","0","0","0","0","0","0","0","0","0","0","0","0","0","0","0","0","0","0","0","0","0","0","0","0","0","0","0","0","0","0","0","0","0","0","0","0","0","0","0","0","0","0","0","0","0","0","0","0","0","0","0","0","0","0","576","549","576","557","537","471","524","542","554","542","554","544","537","473","489","465","489","473","529","518","471","357","402","357","376","420","566","451","348","444","348","346","344","377","378","428","411","428","334","325","332","387","69","69","69","69","69","69","69"
"10022005","เทพลีลา","2","0","0","0","0","0","0","0","0","0","0","0","0","0","0","0","0","0","0","0","0","0","0","0","0","0","0","0","0","0","0","0","0","0","0","0","0","0","0","0","0","0","0","0","0","0","0","0","0","0","0","0","0","0","0","0","0","476","450","476","475","481","395","445","452","454","452","482","485","452","395","435","379","435","445","439","435","427","279","269","279","266","336","274","315","269","276","269","268","258","282","267","289","292","289","251","293","239","266","51","51","51","51","51","51","51"
"10022006","เศรษฐบุตรบำเพ็ญ","2","0","0","0","0","0","0","0","0","0","0","0","0","0","0","0","0","0","0","0","0","0","0","0","0","0","0","0","0","0","0","0","0","0","0","0","0","0","0","0","0","0","0","0","0","0","0","0","0","0","0","0","0","0","0","0","0","725","678","725","578","667","542","699","658","668","658","690","678","655","551","682","755","682","597","655","651","641","430","486","430","355","352","422","438","480","504","480","406","351","351","422","550","448","550","428","405","347","359","81","81","81","81","83","79","80"
"10022007","บดินทรเดชา (สิงห์ สิงหเสนี) ๔","2","0","0","0","0","0","0","0","0","0","0","0","0","0","0","0","0","0","0","0","0","0","0","0","0","0","0","0","0","0","0","0","0","0","0","0","0","0","0","0","0","0","0","0","0","0","0","0","0","0","0","0","0","0","0","0","0","379","384","379","337","348","284","315","380","390","380","368","334","343","282","384","455","384","365","360","327","339","355","307","355","260","265","310","284","297","371","297","343","264","258","304","369","394","369","290","335","259","254","56","57","56","65","49","48","53"
"10022008","มัธยมวัดบึงทองหลาง","2","0","0","0","0","0","0","0","0","0","0","0","0","0","0","0","0","0","0","0","0","0","0","0","0","0","0","0","0","0","0","0","0","0","0","0","0","0","0","0","0","0","0","0","0","0","0","0","0","0","0","0","0","0","0","0","0","413","423","413","402","433","396","353","416","449","416","420","390","414","392","443","413","443","417","385","395","378","299","228","299","323","220","335","239","225","188","225","300","303","212","222","188","221","188","224","294","242","201","49","48","49","53","57","58","58"
"10022009","พรตพิทยพยัต","2","0","0","0","0","0","0","0","0","0","0","0","0","0","0","0","0","0","0","0","0","0","0","0","0","0","0","0","0","0","0","0","0","0","0","0","0","0","0","0","0","0","0","0","0","0","0","0","0","0","0","0","0","0","0","0","0","525","573","525","555","552","471","492","555","529","555","522","488","523","454","533","466","533","513","491","496","476","535","489","535","527","538","488","502","459","530","459","530","485","497","462","538","526","538","427","492","479","443","72","72","72","72","72","72","72"
"10022010","เทพศิรินทร์ร่มเกล้า","2","0","0","0","0","0","0","0","0","0","0","0","0","0","0","0","0","0","0","0","0","0","0","0","0","0","0","0","0","0","0","0","0","0","0","0","0","0","0","0","0","0","0","0","0","0","0","0","0","0","0","0","0","0","0","0","0","594","609","594","604","594","438","538","605","616","605","577","598","589","496","602","657","602","588","586","581","587","485","482","485","492","467","622","563","475","514","475","472","486","458","559","501","460","501","468","471","462","449","75","75","75","71","75","76","77"
"10022011","รัตนโกสินทร์สมโภชลาดกระบัง","2","0","0","0","0","0","0","0","0","0","0","0","0","0","0","0","0","0","0","0","0","0","0","0","0","0","0","0","0","0","0","0","0","0","0","0","0","0","0","0","0","0","0","0","0","0","0","0","0","0","0","0","0","0","0","0","0","520","505","520","533","513","540","488","439","472","439","492","540","530","508","424","403","424","412","462","541","452","267","295","267","283","305","340","354","261","297","261","237","261","290","280","256","320","256","294","214","260","261","55","55","55","55","58","61","64"
"10022012","จันทร์หุ่นบำเพ็ญ","2","0","0","0","0","0","0","0","0","0","0","0","0","0","0","0","0","0","0","0","0","0","0","0","0","0","0","0","0","0","0","0","0","0","0","0","0","0","0","0","0","0","0","0","0","0","0","0","0","0","0","0","0","0","0","0","0","182","122","182","143","124","162","164","116","163","116","174","129","106","155","159","122","159","105","160","119","97","231","188","231","191","126","163","109","179","245","179","207","163","110","150","242","258","242","177","188","137","96","36","34","36","36","36","38","38"
"10022013","เตรียมอุดมศึกษาพัฒนาการ รัชดา","2","0","0","0","0","0","0","0","0","0","0","0","0","0","0","0","0","0","0","0","0","0","0","0","0","0","0","0","0","0","0","0","0","0","0","0","0","0","0","0","0","0","0","0","0","0","0","0","0","0","0","0","0","0","0","0","0","478","478","478","481","480","442","480","468","478","468","467","471","472","446","459","493","459","445","451","470","470","407","410","407","404","372","393","434","386","410","386","379","395","364","388","399","394","399","377","376","388","356","63","63","63","63","63","62","63"
"10022014","นวมินทราชูทิศ กรุงเทพมหานคร","2","0","0","0","0","0","0","0","0","0","0","0","0","0","0","0","0","0","0","0","0","0","0","0","0","0","0","0","0","0","0","0","0","0","0","0","0","0","0","0","0","0","0","0","0","0","0","0","0","0","0","0","0","0","0","0","0","563","560","563","515","574","480","579","535","559","535","547","505","575","473","530","464","530","502","506","474","552","352","332","352","329","348","341","349","329","350","329","348","322","337","342","334","337","334","312","321","312","319","60","60","60","60","60","61","64"
"10022015","บดินทรเดชา (สิงห์ สิงหเสนี) ๒","2","0","0","0","0","0","0","0","0","0","0","0","0","0","0","0","0","0","0","0","0","0","0","0","0","0","0","0","0","0","0","0","0","0","0","0","0","0","0","0","0","0","0","0","0","0","0","0","0","0","0","0","0","0","0","0","0","677","677","677","681","679","594","627","678","648","678","688","683","679","608","641","723","641","680","681","684","676","671","696","671","614","671","691","627","696","746","696","665","612","663","689","737","659","737","693","658","616","655","90","90","90","90","90","90","90"
"10022016","สุขุมนวพันธ์อุปถัมภ์","2","0","0","0","0","0","0","0","0","0","0","0","0","0","0","0","0","0","0","0","0","0","0","0","0","0","0","0","0","0","0","0","0","0","0","0","0","0","0","0","0","0","0","0","0","0","0","0","0","0","0","0","0","0","0","0","0","390","292","390","289","283","271","262","264","397","264","341","254","237","250","334","297","334","229","319","229","207","168","185","168","191","158","178","158","155","206","155","155","171","134","178","177","258","177","148","149","166","125","45","44","45","42","36","36","39"
"10022017","หอวัง","2","0","0","0","0","0","0","0","0","0","0","0","0","0","0","0","0","0","0","0","0","0","0","0","0","0","0","0","0","0","0","0","0","0","0","0","0","1","0","0","0","0","0","0","0","0","0","0","0","0","0","0","0","0","0","0","0","708","715","708","705","700","604","648","714","716","714","712","703","695","607","707","770","707","712","702","696","698","690","697","690","707","716","696","652","681","687","681","683","687","692","683","658","740","658","690","666","697","706","91","91","91","93","93","93","93"
"10022018","สารวิทยา","2","0","0","0","0","0","0","0","0","0","0","0","0","0","0","0","0","0","0","0","0","0","0","0","0","0","0","0","0","0","0","0","0","0","0","0","0","0","0","0","0","0","0","0","0","0","0","0","0","0","0","0","0","0","0","0","0","431","486","431","405","513","462","508","467","546","467","425","404","507","459","536","589","536","458","421","397","498","472","485","472","478","434","448","490","480","592","480","455","480","427","432","574","605","574","467","455","474","425","79","79","79","68","68","70","72"
"10022019","ราชดำริ","2","0","0","0","0","0","0","0","0","0","0","0","0","0","0","0","0","0","0","0","0","0","0","0","0","0","0","0","0","0","0","0","0","0","0","0","0","0","0","0","0","0","0","0","0","0","0","0","0","0","0","0","0","0","0","0","0","402","345","402","396","439","449","449","323","336","323","404","376","421","426","315","315","315","321","379","362","407","249","199","249","243","204","267","255","188","256","188","237","227","192","258","251","243","251","188","232","224","186","45","45","45","48","54","58","60"
"10022020","เตรียมอุดมศึกษาพัฒนาการ","2","0","0","0","0","0","0","0","0","0","0","0","0","0","0","0","0","0","0","0","0","0","0","0","0","0","0","0","0","0","0","0","0","0","0","0","0","0","0","0","0","0","0","0","0","0","0","0","0","0","0","0","0","0","0","0","0","743","746","743","734","739","671","682","746","735","746","739","729","739","676","745","764","745","741","739","729","737","726","736","726","701","741","703","746","730","816","730","714","689","686","699","831","787","831","733","711","641","670","102","102","102","102","102","102","102"
"10022021","ดอนเมืองทหารอากาศบำรุง","2","0","0","0","0","0","0","0","0","0","0","0","0","0","0","0","0","0","0","0","0","0","0","0","0","0","0","0","0","0","0","0","0","0","0","0","0","0","0","0","0","0","0","0","0","0","0","0","0","0","0","0","0","0","0","0","0","609","596","609","560","558","565","521","582","611","582","611","563","550","550","665","674","665","566","600","546","544","425","548","425","389","359","400","384","540","540","540","460","398","357","380","557","450","557","454","452","390","340","81","79","81","81","81","81","79"
"10022022","สีกัน (วัฒนานันท์อุปถัมภ์)","2","0","0","0","0","0","0","0","0","0","0","0","0","0","0","0","0","0","0","0","0","0","0","0","0","0","0","0","0","0","0","0","0","0","0","0","0","0","0","0","0","0","0","0","0","0","0","0","0","0","0","0","0","0","0","0","0","348","334","348","340","380","353","357","344","322","344","338","330","374","355","317","285","317","330","335","333","363","269","301","269","290","281","298","290","275","317","275","259","277","253","278","297","390","297","265","242","250","232","51","50","51","51","52","53","54"
"10022023","ดอนเมืองจาตุรจินดา","2","0","0","0","0","0","0","0","0","0","0","0","0","0","0","0","0","0","0","0","0","0","0","0","0","0","0","0","0","0","0","0","0","0","0","0","0","0","0","0","0","0","0","0","0","0","0","0","0","0","0","0","0","0","0","0","0","327","278","327","251","199","270","235","271","307","271","321","243","202","277","325","322","325","268","336","289","195","246","345","246","238","193","264","242","315","304","315","241","236","201","225","323","340","323","280","230","253","169","51","51","51","49","45","48","42"
"10022024","ลาดปลาเค้าพิทยาคม","2","0","0","0","0","0","0","0","0","0","0","0","0","0","0","0","0","0","0","0","0","0","0","0","0","0","0","0","0","0","0","0","0","0","0","0","0","0","0","0","0","0","0","0","0","0","0","0","0","0","0","0","0","0","0","0","0","373","370","373","350","327","342","365","346","406","346","365","348","329","320","395","348","395","343","387","322","309","278","250","278","353","321","240","204","222","278","222","274","286","229","218","275","356","275","220","257","235","218","52","53","52","51","51","52","51"
"10022025","สตรีวิทยา ๒","2","0","0","0","0","0","0","0","0","0","0","0","0","0","0","0","0","0","0","0","0","0","0","0","0","0","0","0","0","0","0","0","0","0","0","0","0","0","0","0","0","0","0","0","0","0","0","0","0","0","0","0","0","0","0","0","0","771","776","771","750","748","707","707","771","773","771","778","747","750","727","761","777","761","767","768","749","750","725","724","725","744","736","737","758","725","833","725","734","728","723","708","836","847","836","696","716","712","705","105","105","105","105","105","105","105"
"10022026","ราชวินิตบางเขน","2","0","0","0","0","0","0","0","0","0","0","0","0","0","0","0","0","0","0","0","0","0","0","0","0","0","0","0","0","0","0","0","0","0","0","0","0","0","0","0","0","0","0","0","0","0","0","0","0","0","0","0","0","0","0","0","0","300","317","300","305","254","289","301","274","361","274","299","305","290","308","362","354","362","265","300","303","272","353","329","353","337","275","281","275","320","447","320","319","307","293","294","433","520","433","298","300","300","249","61","61","61","56","53","52","50"
"10022027","ฤทธิยะวรรณาลัย","2","0","0","0","0","0","0","0","0","0","0","0","0","0","0","0","0","0","0","0","0","0","0","0","0","0","0","0","0","0","0","0","0","0","0","0","0","0","0","0","0","0","0","0","0","0","0","0","0","0","0","0","0","0","0","0","0","752","758","752","721","724","620","671","772","779","772","755","711","728","621","773","781","773","776","762","713","714","737","725","737","733","721","728","682","665","740","665","716","727","708","694","718","710","718","650","705","713","680","96","96","96","96","96","97","97"
"10022028","ฤทธิยะวรรณาลัย ๒","2","0","0","0","0","0","0","0","0","0","0","0","0","0","0","0","0","0","0","0","0","0","0","0","0","0","0","0","0","0","0","0","0","0","0","0","0","0","0","0","0","0","0","0","0","0","0","0","0","0","0","0","0","0","0","0","0","407","404","407","379","419","263","457","395","431","395","404","382","411","401","429","412","429","398","396","368","428","336","328","336","339","345","306","382","294","346","294","335","331","329","364","331","296","331","290","327","327","325","52","53","52","51","53","55","58"
"10022029","ศรีพฤฒา","2","0","0","0","0","0","0","0","0","0","0","0","0","0","0","0","0","0","0","0","0","0","0","0","0","0","0","0","0","0","0","0","0","0","0","0","0","0","0","0","0","0","0","0","0","0","0","0","0","0","0","0","0","0","0","0","0","359","395","359","378","345","356","310","390","365","390","358","376","354","359","486","390","486","389","359","416","344","267","267","267","406","344","221","220","276","344","276","257","369","232","221","395","336","395","265","255","235","230","72","72","72","66","68","72","72"
"10022030","เตรียมอุดมศึกษาน้อมเกล้า","2","0","0","0","0","0","0","0","0","0","0","0","0","0","0","0","0","0","0","0","0","0","0","0","0","0","0","0","0","0","0","0","0","0","0","0","0","0","0","0","0","0","0","0","0","0","0","0","0","0","0","0","0","0","0","0","0","537","540","537","534","519","506","489","549","571","549","539","531","530","504","570","565","570","535","528","530","529","581","560","581","560","563","594","572","564","572","564","573","559","547","587","561","578","561","560","567","555","533","72","72","72","72","74","76","78"
"10022031","นวมินทราชินูทิศ เตรียมอุดมศึกษาน้อมเกล้า","2","0","0","0","0","0","0","0","0","0","0","0","0","0","0","0","0","0","0","0","0","0","0","0","0","0","0","0","0","0","0","0","0","0","0","0","0","0","0","0","0","0","0","0","0","0","0","0","0","0","0","0","0","0","0","0","0","477","480","477","465","460","439","535","473","474","473","474","462","460","439","472","485","472","472","469","464","457","515","515","515","522","519","500","546","505","567","505","513","501","514","495","567","560","567","496","500","495","509","72","72","72","72","72","73","77"
"10022032","บดินทรเดชา (สิงห์ สิงหเสนี)","2","0","0","0","0","0","0","0","0","0","0","0","0","0","0","0","0","0","0","0","0","0","0","0","0","0","0","0","0","0","0","0","0","0","0","0","0","0","0","0","0","0","0","0","0","0","0","0","0","0","0","0","0","0","0","0","0","706","722","706","744","738","678","683","716","737","716","705","739","736","671","735","729","735","710","695","736","735","660","659","660","704","689","635","711","657","762","657","667","685","695","623","767","807","767","656","652","667","707","97","98","97","96","96","96","97"
"10022033","นวมินทราชินูทิศ บดินทรเดชา","2","0","0","0","0","0","0","0","0","0","0","0","0","0","0","0","0","0","0","0","0","0","0","0","0","0","0","0","0","0","0","0","0","0","0","0","0","0","0","0","0","0","0","0","0","0","0","0","0","0","0","0","0","0","0","0","0","372","415","372","406","440","378","450","412","426","412","371","401","432","369","424","541","424","406","365","396","420","350","339","350","360","386","378","382","325","380","325","347","352","366","354","373","403","373","315","340","348","361","63","63","63","62","62","60","61"
"10022034","นวมินทราชินูทิศ เบญจมราชาลัย","2","0","0","0","0","0","0","0","0","0","0","0","0","0","0","0","0","0","0","0","0","0","0","0","0","0","0","0","0","0","0","0","0","0","0","0","0","0","0","0","0","0","0","0","0","0","0","0","0","0","0","0","0","0","0","0","0","532","545","532","453","546","501","552","526","562","526","511","489","547","492","538","568","538","566","495","489","519","289","385","289","281","320","316","344","306","458","306","279","282","322","310","428","453","428","303","272","283","318","67","71","67","62","63","64","66"
"10022035","นวมินทราชินูทิศ สตรีวิทยา ๒","2","0","0","0","0","0","0","0","0","0","0","0","0","0","0","0","0","0","0","0","0","0","0","0","0","0","0","0","0","0","0","0","0","0","0","0","0","0","0","0","0","0","0","0","0","0","0","0","0","0","0","0","0","0","0","0","0","551","563","551","549","553","461","504","558","515","558","553","544","544","463","506","568","506","545","545","538","535","369","408","369","381","402","396","413","400","428","400","363","364","383","390","422","370","422","393","355","362","378","61","61","61","63","63","63","66"
"10022039","เตรียมอุดมศึกษาสุวินทวงศ์","2","0","0","0","0","0","0","0","0","0","0","0","0","0","0","0","0","0","0","0","0","0","0","1","0","0","0","0","0","0","0","0","0","0","0","0","0","4","0","0","0","0","0","0","0","0","0","0","0","0","0","0","0","0","0","0","0","331","224","331","287","262","258","301","268","317","268","316","276","276","274","299","282","299","259","311","277","278","200","155","200","179","250","319","232","159","151","159","200","178","146","218","147","146","147","157","199","173","142","41","36","41","42","42","42","43"
"10022041","เตรียมอุดมศึกษาพัฒนาการสุวรรณภูมิ","2","0","0","0","0","0","0","0","0","0","0","0","0","0","0","0","0","0","0","0","0","0","0","0","0","0","0","0","0","0","0","0","0","0","0","0","0","0","0","0","0","0","0","0","0","0","0","0","0","0","0","0","0","0","0","0","0","182","148","182","169","310","428","392","147","243","147","173","170","313","425","231","246","231","144","179","175","316","144","114","144","173","165","189","205","118","0","118","146","179","166","181","0","0","0","118","141","178","164","19","17","19","23","32","42","50"
"10030001","วัดประยุรวงศาวาส","3","0","0","0","0","0","0","0","0","0","0","0","0","0","0","89","71","68","70","67","81","71","100","86","79","71","75","62","78","111","97","89","85","80","78","58","134","109","103","85","79","86","70","124","128","114","98","83","85","88","124","124","125","118","102","81","85","0","0","0","0","0","0","0","0","0","0","0","0","0","0","0","0","0","0","0","0","0","0","0","0","0","0","0","0","0","0","0","0","0","0","0","0","0","0","0","0","0","0","18","18","18","18","15","17","17"
"10030002","วัดเจ้ามูล","3","48","37","50","58","68","45","38","35","46","33","45","54","60","41","46","33","43","33","41","46","51","36","42","30","46","31","38","40","45","34","37","29","44","33","39","32","45","36","35","26","43","30","40","34","48","35","39","27","39","41","40","35","46","31","39","26","0","0","0","0","0","0","0","0","0","0","0","0","0","0","0","0","0","0","0","0","0","0","0","0","0","0","0","0","0","0","0","0","0","0","0","0","0","0","0","0","0","0","12","15","16","17","18","18","18"
"10030003","วัดสังข์กระจาย","3","17","15","9","17","21","22","17","16","16","15","10","18","19","20","11","13","13","13","13","13","16","16","10","13","11","17","13","13","14","14","9","12","14","17","11","15","16","17","10","12","13","16","20","13","12","18","9","11","10","10","22","17","11","19","10","12","0","0","0","0","0","0","0","0","0","0","0","0","0","0","0","0","0","0","0","0","0","0","0","0","0","0","0","0","0","0","0","0","0","0","0","0","0","0","0","0","0","0","9","9","9","9","9","9","9"
"10030004","วัดหงส์รัตนาราม","3","36","29","27","25","35","28","25","27","31","31","26","30","35","19","41","37","33","40","29","38","40","33","39","37","32","35","25","36","30","35","38","42","31","35","25","28","34","37","36","37","32","38","36","29","36","39","38","37","32","40","35","27","37","41","38","36","0","0","0","0","0","0","0","0","0","0","0","0","0","0","0","0","0","0","0","0","0","0","0","0","0","0","0","0","0","0","0","0","0","0","0","0","0","0","0","0","0","0","15","15","15","15","15","15","15"
"10030005","ประถมทวีธาภิเศก","3","45","86","52","92","65","66","52","65","62","92","55","91","65","64","100","72","77","106","70","88","74","70","93","74","82","97","69","86","73","73","101","79","83","92","67","93","80","82","104","74","78","88","90","87","88","79","104","72","79","101","90","100","89","82","100","75","0","0","0","0","0","0","0","0","0","0","0","0","0","0","0","0","0","0","0","0","0","0","0","0","0","0","0","0","0","0","0","0","0","0","0","0","0","0","0","0","0","0","23","22","23","23","23","23","23"
"10030006","วัดช่างเหล็ก","3","22","20","38","23","23","20","30","27","24","24","35","20","17","23","30","30","24","26","32","19","20","22","29","30","27","26","32","23","28","23","27","27","28","24","37","26","28","22","27","23","28","24","30","25","34","20","32","24","33","38","31","26","31","20","33","26","0","0","0","0","0","0","0","0","0","0","0","0","0","0","0","0","0","0","0","0","0","0","0","0","0","0","0","0","0","0","0","0","0","0","0","0","0","0","0","0","0","0","250","9","9","9","9","9","9"
"10030007","วัดอมรินทราราม","3","79","80","108","128","124","106","126","96","96","84","114","137","128","94","174","193","181","162","175","198","175","186","168","192","178","166","179","194","171","185","174","194","177","164","175","175","179","192","180","196","175","163","164","176","177","187","179","192","175","182","163","177","177","183","178","187","0","0","0","0","0","0","0","0","0","0","0","0","0","0","0","0","0","0","0","0","0","0","0","0","0","0","0","0","0","0","0","0","0","0","0","0","0","0","0","0","0","0","37","38","39","39","41","41","41"
"10030008","โฆสิตสโมสร","3","61","52","54","49","60","58","52","42","57","64","57","55","60","56","74","99","100","88","82","86","84","81","78","100","95","90","81","86","112","75","87","101","99","87","83","73","110","82","89","98","96","90","110","74","113","86","93","98","99","116","109","75","117","85","96","97","0","0","0","0","0","0","0","0","0","0","0","0","0","0","0","0","0","0","0","0","0","0","0","0","0","0","0","0","0","0","0","0","0","0","0","0","0","0","0","0","0","0","22","22","22","23","23","24","24"
"10030009","ราชวินิตประถมบางแค","3","151","140","122","125","129","116","120","137","156","135","128","126","133","116","159","147","158","159","152","155","149","170","157","144","157","153","151","146","158","161","143","136","142","143","149","133","156","146","142","135","145","144","148","128","149","136","136","136","152","149","142","123","147","134","130","132","0","0","0","0","0","0","0","0","0","0","0","0","0","0","0","0","0","0","0","0","0","0","0","0","0","0","0","0","0","0","0","0","0","0","0","0","0","0","0","0","0","0","43","43","43","43","43","43","43"
"10030010","วัดนาคปรก","3","27","28","22","22","32","17","27","23","30","23","19","23","28","20","33","20","22","24","30","23","29","16","28","22","22","26","28","26","18","22","26","23","22","24","27","11","17","19","27","27","24","22","15","16","14","18","25","25","22","15","13","15","12","17","26","23","0","0","0","0","0","0","0","0","0","0","0","0","0","0","0","0","0","0","0","0","0","0","0","0","0","0","0","0","0","0","0","0","0","0","0","0","0","0","0","0","0","0","9","9","9","9","9","9","9"
"10030011","วัดหนัง","3","75","67","71","64","67","70","54","61","68","69","72","63","66","64","67","61","73","72","71","75","63","62","67","60","77","71","75","72","48","60","64","68","76","74","69","62","43","62","63","68","76","67","77","63","43","61","59","65","78","64","76","61","42","60","56","66","0","0","0","0","0","0","0","0","0","0","0","0","0","0","0","0","0","0","0","0","0","0","0","0","0","0","0","0","0","0","0","0","0","0","0","0","0","0","0","0","0","0","29","28","28","28","24","24","24"
"10030012","อนุบาลวัดนางนอง","3","93","58","84","101","102","97","93","98","91","62","89","96","101","96","138","142","130","91","132","134","152","139","127","134","130","96","123","132","146","128","122","135","132","96","124","121","139","129","125","141","130","98","145","122","133","131","130","143","130","149","142","121","132","130","127","141","0","0","0","0","0","0","0","0","0","0","0","0","0","0","0","0","0","0","0","0","0","0","0","0","0","0","0","0","0","0","0","0","0","0","0","0","0","0","0","0","0","0","32","32","32","32","33","33","33"
"10032001","ศึกษานารี","1","0","0","0","0","0","0","0","0","0","0","0","0","0","0","0","0","0","0","0","0","0","0","0","0","0","0","0","0","0","0","0","0","0","0","0","0","0","0","0","0","0","0","0","0","0","0","0","0","0","0","0","0","0","0","0","0","569","579","550","558","559","540","553","563","568","575","544","558","558","542","560","556","566","573","539","559","557","580","542","500","531","524","530","550","567","604","536","494","527","519","527","541","567","597","548","492","523","519","73","73","73","73","73","76","77"
"10032002","ทวีธาภิเศก","1","0","0","0","0","0","0","0","0","0","0","0","0","0","0","0","0","0","0","0","0","0","0","0","0","0","0","0","0","0","0","0","0","0","0","0","0","0","0","0","0","0","0","0","0","0","0","0","0","0","0","0","0","0","0","0","0","459","430","472","466","461","465","490","501","462","436","473","462","462","466","440","470","463","415","474","464","452","508","390","404","391","369","418","433","439","480","393","387","383","372","411","446","435","487","378","378","382","326","66","64","64","60","60","63","67"
"10032003","สุวรรณพลับพลาพิทยาคม","1","0","0","0","0","0","0","0","0","0","0","0","0","0","0","0","0","0","0","0","0","0","0","0","0","0","0","0","0","0","0","0","0","0","0","0","0","0","0","0","0","0","0","0","0","0","0","0","0","0","0","0","0","0","0","0","0","167","151","140","169","141","114","128","170","204","183","181","161","131","128","123","171","195","179","139","137","145","123","83","115","133","90","96","80","77","124","70","102","107","79","101","86","58","126","69","90","100","89","22","24","27","27","27","27","24"
"10032004","วัดอินทาราม","1","0","0","0","0","0","0","0","0","0","0","0","0","0","0","0","0","0","0","0","0","0","0","0","0","0","0","0","0","0","0","0","0","0","0","0","0","0","0","0","0","0","0","0","0","0","0","0","0","0","0","0","0","0","0","0","0","294","288","324","331","370","319","271","318","311","287","320","315","359","315","298","327","373","309","300","292","357","207","159","218","259","166","195","197","215","199","159","189","230","171","198","192","222","202","161","175","194","164","39","39","40","40","46","48","49"
"10032005","วัดประดู่ในทรงธรรม","1","0","0","0","0","0","0","0","0","0","0","0","0","0","0","1","0","0","0","0","0","0","0","0","0","0","0","0","0","0","0","0","0","0","0","0","0","0","0","0","0","0","0","0","0","0","0","0","0","0","0","0","0","0","0","0","0","100","83","75","101","82","72","61","123","95","90","76","114","88","71","153","104","96","106","96","116","80","204","99","77","73","97","104","78","212","152","98","74","116","100","62","183","172","151","114","60","103","68","27","23","20","20","18","18","19"
"10032006","ทีปังกรวิทยาพัฒน์(วัดน้อยใน)ในพระราชูปถัมภ์ฯ","1","0","0","0","0","0","0","0","0","0","0","0","0","0","0","0","0","0","0","0","0","0","0","0","0","0","0","0","0","0","0","0","0","0","0","0","0","0","0","0","0","0","0","0","0","0","0","0","0","0","0","0","0","0","0","0","0","205","200","171","141","137","126","133","189","197","200","169","142","135","127","227","177","201","194","190","143","133","135","119","118","146","106","106","99","138","127","116","114","134","104","104","151","131","128","113","114","129","104","30","28","27","27","29","30","30"
"10032007","มัธยมวัดดาวคนอง","1","0","0","0","0","0","0","0","0","0","0","0","0","0","0","0","0","0","0","0","0","0","0","0","0","0","0","0","0","0","0","0","0","0","0","0","0","0","0","0","0","0","0","0","0","0","0","0","0","0","0","0","0","0","0","0","0","98","83","107","115","105","94","67","157","82","79","94","103","111","87","182","168","127","124","104","103","85","96","80","72","74","62","69","36","87","85","65","55","64","54","53","74","96","93","76","71","68","38","23","20","20","20","18","18","18"
"10032008","ฤทธิณรงค์รอน","1","0","0","0","0","0","0","0","0","0","0","0","0","0","0","0","0","0","0","0","0","0","0","0","0","0","0","0","0","0","0","0","0","0","0","0","0","0","0","0","0","0","0","0","0","0","0","0","0","0","0","0","0","0","0","0","0","190","182","167","186","121","138","140","161","192","175","172","182","115","146","232","162","183","170","155","162","123","107","172","91","139","112","103","166","94","107","149","79","124","95","103","106","95","101","142","76","110","93","30","31","31","27","28","28","28"
"10032009","โพธิสารพิทยากร","1","0","0","0","0","0","0","0","0","0","0","0","0","0","0","0","0","0","0","0","0","0","0","0","0","0","0","0","0","0","0","0","0","0","0","0","0","0","0","0","0","0","0","0","0","0","0","0","0","0","0","0","0","0","0","0","0","441","420","463","486","508","450","495","455","451","436","470","496","510","454","408","460","446","449","491","512","509","405","351","404","397","395","387","414","396","398","350","399","401","392","381","394","394","392","352","403","406","380","60","60","61","61","65","66","66"
"10032010","ธนบุรีวรเทพีพลารักษ์","1","0","0","0","0","0","0","0","0","0","0","0","0","0","0","0","0","0","0","0","0","0","0","0","0","0","0","0","0","1","0","0","0","0","0","0","0","0","0","0","0","0","0","0","0","0","0","0","0","0","0","0","0","0","0","0","0","211","177","138","98","107","111","123","195","229","202","127","99","97","98","203","224","285","206","137","89","82","173","126","141","118","100","103","91","166","165","111","117","111","88","68","145","167","190","113","96","101","75","31","31","30","30","31","32","27"
"10032011","อุบลรัตนราชกัญญาราชวิทยาลัย กรุงเทพมหานคร","1","0","0","0","0","0","0","0","0","0","0","0","0","0","0","1","0","0","0","0","0","0","0","0","0","0","0","0","0","0","0","0","0","0","0","0","0","0","0","0","0","0","0","0","0","0","0","0","0","0","0","0","0","0","0","0","0","96","92","102","105","124","108","114","94","103","87","97","107","138","98","118","98","101","127","140","146","118","114","105","68","87","79","60","66","76","88","79","53","81","74","53","70","67","80","101","71","88","53","26","18","18","18","18","18","18"
"10032012","มหรรณพาราม","1","0","0","0","0","0","0","0","0","0","0","0","0","0","0","0","0","0","0","0","0","0","0","0","0","0","0","0","0","0","0","0","0","0","0","0","0","0","0","0","0","0","0","0","0","0","0","0","0","0","0","0","0","0","0","0","0","263","271","262","261","244","252","258","225","254","260","254","273","258","244","251","203","249","257","261","270","264","195","165","109","158","127","229","161","141","188","154","112","150","125","158","143","132","185","149","101","148","115","35","35","36","36","36","36","36"
"10032013","ชิโนรสวิทยาลัย","1","0","0","0","0","0","0","0","0","0","0","0","0","0","0","0","0","0","0","0","0","0","0","0","0","0","0","0","0","0","0","0","0","0","0","0","0","0","0","0","0","0","0","0","0","0","0","0","0","0","0","0","0","0","0","0","0","514","520","489","420","429","446","438","471","507","506","482","389","423","399","456","464","475","466","441","361","383","390","386","340","315","361","303","281","478","394","353","337","306","301","290","411","472","378","318","303","294","288","66","65","66","66","66","67","69"
"10032014","สตรีวัดระฆัง","1","0","0","0","0","0","0","0","0","0","0","0","0","0","0","0","0","0","0","0","0","0","0","0","0","0","0","0","0","0","0","0","0","0","0","0","0","0","0","0","0","0","0","0","0","0","0","0","0","0","0","0","0","0","0","0","0","309","304","288","285","332","289","326","306","312","301","288","282","329","288","340","323","311","302","286","279","320","363","296","341","300","289","260","260","350","360","287","332","301","285","253","345","350","359","287","327","298","283","48","48","48","48","48","48","48"
"10032015","สุวรรณารามวิทยาคม","1","0","0","0","0","0","0","0","0","0","0","0","0","0","0","0","0","0","0","0","0","0","0","0","0","0","0","0","0","0","0","0","0","0","0","0","0","0","0","0","0","0","0","0","0","0","0","0","0","0","0","0","0","0","0","0","0","383","372","329","339","360","389","317","386","405","357","357","374","399","350","336","390","328","322","356","357","321","270","310","188","196","208","211","198","236","221","187","182","179","191","191","288","223","235","182","188","191","179","50","50","49","49","48","50","50"
"10032016","มัธยมวัดดุสิตาราม","1","0","0","0","0","0","0","0","0","0","0","0","0","0","0","0","0","0","0","0","0","0","0","0","0","0","0","0","0","0","0","0","0","0","0","0","0","0","0","0","0","0","0","0","0","0","0","0","0","0","0","0","0","0","0","0","0","263","251","209","216","159","168","177","251","254","249","199","206","149","164","280","255","318","216","186","196","149","289","243","233","231","202","166","183","325","274","230","200","203","182","162","311","307","297","187","188","195","178","50","50","50","43","40","32","35"
"10032017","มัธยมวัดนายโรง","1","0","0","0","0","0","0","0","0","0","0","0","0","0","0","0","0","0","0","0","0","0","0","0","0","0","0","0","0","0","0","0","0","0","0","0","0","0","0","0","0","0","0","0","0","0","0","0","0","0","0","0","0","0","0","0","0","187","193","181","193","189","186","186","184","186","195","186","189","191","189","180","180","191","192","183","193","192","197","182","188","186","188","190","186","185","190","181","188","188","185","190","188","180","190","179","183","190","181","36","36","36","36","36","36","36"
"10032018","สวนอนันต์","1","0","0","0","0","0","0","0","0","0","0","0","0","0","0","0","0","0","0","0","0","0","0","0","0","0","0","0","0","0","0","0","0","0","0","0","0","0","0","0","0","0","0","0","0","0","0","0","0","0","0","0","0","0","0","0","0","100","99","81","73","44","56","48","104","85","92","74","62","48","66","125","102","70","91","101","79","57","84","54","19","32","46","28","19","70","65","53","19","24","42","30","85","54","64","60","21","25","36","23","22","21","21","16","14","13"
"10032019","พิทยาลงกรณ์พิทยาคม","1","0","0","0","0","0","0","0","0","0","0","0","0","0","0","0","0","0","0","0","0","0","0","0","0","0","0","0","0","0","0","0","0","0","0","0","0","0","0","0","0","0","0","0","0","0","0","0","0","0","0","0","0","0","0","0","0","71","51","77","65","89","86","53","71","75","49","77","63","92","66","107","71","92","99","117","108","74","47","77","38","42","37","55","42","44","45","72","68","64","60","47","71","46","49","54","38","51","31","15","15","15","15","15","15","15"
"10032020","รัตนโกสินทร์สมโภชบางขุนเทียน","1","0","0","0","0","0","0","0","0","0","0","0","0","0","0","0","0","0","0","0","0","0","0","0","0","0","0","0","0","0","0","0","0","0","0","0","0","0","0","0","0","0","0","0","0","0","0","0","0","0","0","0","0","0","0","0","0","578","579","578","574","575","554","587","576","580","577","574","569","576","553","471","571","569","565","571","564","579","576","543","552","549","543","549","515","533","553","525","547","550","538","541","525","524","548","509","539","552","534","70","72","72","72","72","74","75"
"10032021","ทวีธาภิเศก บางขุนเทียน","1","0","0","0","0","0","0","0","0","0","0","0","0","0","0","0","0","0","0","0","0","0","0","0","0","0","0","0","0","0","0","0","0","0","0","0","0","0","0","0","0","0","0","0","0","0","0","0","0","0","0","0","0","0","0","0","0","198","114","150","242","249","254","230","147","178","116","183","227","241","250","185","140","179","190","149","235","233","148","97","72","140","155","151","206","101","130","81","87","116","140","115","152","96","133","127","69","114","121","27","27","24","25","28","30","31"
"10032022","วัดนวลนรดิศ","1","0","0","0","0","0","0","0","0","0","0","0","0","0","0","0","0","0","0","0","0","0","0","0","0","0","0","0","0","0","0","0","0","0","0","0","0","0","0","0","0","0","0","0","0","0","0","0","0","0","0","0","0","0","0","0","0","500","451","458","417","440","403","473","454","517","476","453","419","433","396","457","414","489","438","411","414","430","528","446","417","332","357","345","374","474","511","460","421","324","352","329","453","452","500","454","387","320","347","63","64","67","68","70","70","70"
"10032023","วัดรางบัว","1","0","0","0","0","0","0","0","0","0","0","0","0","0","0","0","0","0","0","0","0","0","0","0","0","0","0","0","0","0","0","0","0","0","0","0","0","0","0","0","0","0","0","0","0","0","0","0","0","0","0","0","0","0","0","0","0","105","53","75","90","96","71","72","105","98","62","84","98","101","64","96","132","165","136","150","166","99","107","79","79","85","63","55","53","152","106","81","82","78","69","58","161","186","154","121","110","119","65","30","27","27","36","36","36","36"
"10032024","สตรีวัดอัปสรสวรรค์","1","0","0","0","0","0","0","0","0","0","0","0","0","0","0","0","0","0","0","0","0","0","0","0","0","0","0","0","0","0","0","0","0","0","0","0","0","0","0","0","0","0","0","0","0","0","0","0","0","0","0","0","0","0","0","0","0","397","405","420","445","421","378","388","445","391","401","415","442","415","377","458","441","421","400","410","437","403","392","411","368","320","284","312","319","367","392","420","365","317","283","309","388","367","422","413","340","311","275","55","55","56","54","57","56","57"
"10032025","ไชยฉิมพลีวิทยาคม","1","0","0","0","0","0","0","0","0","0","0","0","0","0","0","0","0","0","0","0","0","0","0","0","0","0","0","0","0","0","0","0","0","0","0","0","0","0","0","0","0","0","0","0","0","0","0","0","0","0","0","0","0","0","0","0","0","130","122","128","114","100","73","96","155","133","106","120","127","129","122","138","128","103","115","112","109","108","76","49","78","64","65","67","51","100","78","46","79","65","66","51","72","83","66","52","70","65","44","21","21","21","21","21","21","23"
"10032026","จันทร์ประดิษฐารามวิทยาคม","1","0","0","0","0","0","0","0","0","0","0","0","0","0","0","0","0","0","0","0","0","0","0","0","0","0","0","0","0","0","0","0","0","0","0","0","0","0","0","0","0","0","0","0","0","0","0","0","0","0","0","0","0","0","0","0","0","417","366","371","373","360","320","320","402","406","355","348","364","354","317","549","461","391","341","327","347","337","374","330","292","316","284","268","278","442","355","295","277","262","267","261","455","492","371","289","247","255","262","62","58","54","51","51","51","51"
"10032027","มัธยมวัดหนองแขม","1","0","0","0","0","0","0","0","0","0","0","0","0","0","0","0","0","0","0","0","0","0","0","0","0","0","0","0","0","0","0","0","0","0","0","0","0","0","0","0","0","0","0","0","0","0","0","0","0","0","0","0","0","0","0","0","0","483","465","578","576","576","544","550","565","473","555","563","568","567","540","526","560","556","539","545","552","549","629","402","489","475","474","465","455","470","487","462","477","459","469","452","452","463","460","451","469","445","455","68","66","66","66","66","70","74"
"10032028","บางปะกอกวิทยาคม","1","0","0","0","0","0","0","0","0","0","0","0","0","0","0","0","0","0","0","0","0","0","0","0","0","0","0","0","0","0","0","0","0","0","0","0","0","0","0","0","0","0","0","0","0","0","0","0","0","0","0","0","0","0","0","0","0","465","470","458","460","442","417","456","477","466","461","455","460","438","418","469","474","466","463","454","455","438","541","535","483","502","540","541","542","524","531","515","478","496","530","534","515","517","523","514","475","492","524","63","63","63","63","64","68","73"
"10032029","แจงร้อนวิทยา","1","0","0","0","0","0","0","0","0","0","0","0","0","0","0","0","0","0","0","0","0","0","0","0","0","0","0","0","0","0","0","0","0","0","0","0","0","0","0","0","0","0","0","0","0","0","0","0","0","0","0","0","0","0","0","0","0","151","136","104","123","97","135","67","158","144","139","98","123","106","90","165","185","158","120","101","114","86","89","113","89","83","145","90","56","154","98","116","71","82","145","61","137","147","115","81","75","83","51","24","23","22","20","22","23","19"
"10032030","วัดบวรมงคล","1","0","0","0","0","0","0","0","0","0","0","0","0","0","0","0","0","0","0","0","0","0","0","0","0","0","0","0","0","0","0","0","0","0","0","0","0","0","0","0","0","0","0","0","0","0","0","0","0","0","0","0","0","0","0","0","0","128","113","97","95","73","89","64","143","125","116","100","103","70","82","138","166","140","189","174","153","76","120","79","77","68","58","84","66","125","111","81","74","77","60","57","97","132","116","106","101","81","55","24","24","24","24","24","24","24"
"10032031","วิมุตยารามพิทยากร","1","0","0","0","0","0","0","0","0","0","0","0","0","0","0","0","0","0","0","0","0","0","0","0","0","0","0","0","0","0","0","0","0","0","0","0","0","0","0","0","0","0","0","0","0","0","0","0","0","0","0","0","0","0","0","0","0","138","138","123","121","84","91","69","165","133","132","113","113","132","84","199","231","269","323","161","139","81","95","51","87","68","43","42","35","122","78","48","87","58","56","33","94","117","101","74","63","65","29","26","26","27","28","25","25","15"
"10032032","ปัญญาวรคุณ","1","0","0","0","0","0","0","0","0","0","0","0","0","0","0","0","0","0","0","0","0","0","0","0","0","0","0","0","0","0","0","0","0","0","0","0","0","0","0","0","0","0","0","0","0","0","0","0","0","0","0","0","0","0","0","0","0","360","366","341","302","330","302","364","348","361","365","331","305","318","296","475","463","357","357","314","300","320","364","433","534","362","418","256","235","345","360","367","297","294","279","251","309","346","353","309","283","278","275","54","56","56","56","56","54","54"
"10032033","ราชวินิตบางแคปานขำ","1","0","0","0","0","0","0","0","0","0","0","0","0","0","0","0","0","0","0","0","0","0","0","0","0","0","0","0","0","0","0","0","0","0","0","0","0","0","0","0","0","0","0","0","0","0","0","0","0","0","0","0","0","0","0","0","0","327","281","301","293","305","337","314","286","311","281","304","299","283","335","311","258","315","299","297","284","290","256","197","268","283","233","217","288","247","257","197","218","252","210","207","255","237","245","186","197","233","204","43","44","44","44","42","44","46"
"10032034","ทีปังกรวิทยาพัฒน์ (ทวีวัฒนา) ในพระราชูถัมภ์ ฯ","1","0","0","0","0","0","0","0","0","0","0","0","0","0","0","0","0","0","0","0","0","0","0","0","0","0","0","0","0","0","0","0","0","0","0","0","0","0","0","0","0","0","0","0","0","0","0","0","0","0","0","0","0","0","0","0","0","375","310","344","341","363","402","406","369","379","357","353","346","368","401","259","372","380","371","371","315","341","251","173","270","304","287","273","265","233","269","190","255","284","286","262","200","241","256","179","247","261","264","39","42","43","53","54","54","56"
"10032035","นวมินทราชินูทิศ สตรีวิทยา พุทธมณฑล","1","0","0","0","0","0","0","0","0","0","0","0","0","0","0","0","0","0","0","0","0","0","0","0","0","0","0","0","0","0","0","0","0","0","0","0","0","0","0","0","0","0","0","0","0","0","0","0","0","0","0","0","0","0","0","0","0","522","511","532","513","530","506","556","607","526","502","533","515","551","507","528","608","525","500","535","507","546","486","424","477","466","411","464","483","471","472","419","479","467","403","457","451","465","463","417","479","462","396","72","71","70","70","71","73","77"
"10032036","วัดพุทธบูชา","1","0","0","0","0","0","0","0","0","0","0","0","0","0","0","0","0","0","0","0","0","0","0","0","0","0","0","0","0","0","0","0","0","0","0","0","0","0","0","0","0","0","0","0","0","0","0","0","0","0","0","0","0","0","0","0","0","303","247","322","291","377","329","338","253","278","267","321","300","380","324","292","240","311","293","324","300","365","309","255","337","346","305","346","338","278","303","264","335","357","312","327","324","264","328","288","288","329","288","46","44","44","44","46","48","51"
"10032037","อิสลามวิทยาลัยแห่งประเทศไทย","1","0","0","0","0","0","0","0","0","0","0","0","0","0","0","0","0","0","0","0","0","0","0","0","0","0","0","0","0","0","0","0","0","0","0","0","0","0","0","0","0","0","0","0","0","0","0","0","0","0","0","0","0","0","0","0","0","376","278","327","325","279","249","295","340","381","277","333","323","288","244","476","336","378","280","323","325","271","345","263","435","431","221","250","324","341","341","265","330","369","223","246","300","339","345","255","307","354","192","57","52","49","53","50","44","42"
"10032038","ศึกษานารีวิทยา","1","0","0","0","0","0","0","0","0","0","0","0","0","0","0","0","0","0","0","0","0","0","0","0","0","0","0","0","0","0","0","0","0","0","0","0","1","0","0","0","0","0","0","0","0","0","0","0","0","0","0","0","0","0","0","0","0","566","567","556","574","557","479","544","522","549","539","544","563","538","475","488","517","535","530","524","549","524","406","399","396","471","459","411","428","438","392","389","384","454","439","388","357","434","378","383","381","446","433","64","67","67","67","73","73","70"
"10032039","นวลนรดิศวิทยาคม รัชมังคลาภิเษก","1","0","0","0","0","0","0","0","0","0","0","0","0","0","0","0","0","0","0","0","0","0","0","0","0","0","0","0","0","0","0","0","0","0","0","0","0","0","0","0","0","0","0","0","0","0","0","0","0","0","0","0","0","0","0","0","0","196","175","182","181","182","225","174","146","210","195","179","175","174","212","248","124","189","145","171","172","161","101","86","71","77","84","89","77","116","90","87","62","65","74","71","100","102","103","74","51","58","54","27","24","24","24","24","25","25"
"10032040","มัธยมวัดสิงห์","1","0","0","0","0","0","0","0","0","0","0","0","0","0","0","0","0","0","0","0","0","0","0","0","0","0","0","0","0","0","0","0","0","0","0","0","0","0","0","0","0","0","0","0","0","0","0","0","0","0","0","0","0","0","0","0","0","602","594","612","628","607","611","645","633","600","599","597","616","603","601","600","654","593","587","589","611","599","413","438","466","488","476","478","536","471","410","438","456","473","466","464","437","483","406","407","451","464","457","72","73","73","75","75","78","83"
"10032041","วัดราชโอรส","1","0","0","0","0","0","0","0","0","0","0","0","0","0","0","0","0","0","0","0","0","0","0","0","0","0","0","0","0","0","0","0","0","0","0","0","0","0","0","0","0","0","0","0","0","0","0","0","0","0","0","0","0","0","0","0","0","519","504","468","516","521","545","549","529","510","495","458","503","516","546","504","509","499","477","445","487","505","461","382","361","367","398","414","415","362","453","367","360","363","383","398","375","359","443","364","360","361","383","59","61","60","58","57","64","70"
"10032042","บางมดวิทยา","1","0","0","0","0","0","0","0","0","0","0","0","0","0","0","0","0","0","0","0","0","0","0","0","0","0","0","0","0","0","0","0","0","0","0","0","0","0","0","0","0","0","0","0","0","0","0","0","0","0","0","0","0","0","0","0","0","376","393","410","443","448","423","429","431","374","386","410","441","443","412","441","520","392","385","420","515","432","272","283","296","266","244","334","311","233","277","282","296","257","241","283","220","256","296","284","306","317","233","45","47","47","51","51","51","51"
"10032043","สวนกุหลาบวิทยาลัย ธนบุรี","1","0","0","0","0","0","0","0","0","0","0","0","0","0","0","0","0","0","0","0","0","0","0","0","0","0","0","0","0","0","0","0","0","0","0","0","0","0","0","0","0","0","0","0","0","0","0","0","0","0","0","0","0","0","0","0","0","459","438","527","446","474","513","567","354","465","448","532","450","470","567","216","373","473","449","525","456","473","299","278","465","454","411","558","544","305","310","292","463","452","414","563","0","308","310","286","451","443","409","38","50","61","66","71","77","83"
